{"cameraMode":{"drawMode":0,"name":"Shaded","section":"Shading Mode"},"sceneLighting":false,"audioPlay":false,"sceneViewState":{"m_AlwaysRefresh":false,"showFog":true,"showSkybox":false,"showFlares":true,"showImageEffects":true,"showParticleSystems":true,"showVisualEffectGraphs":true,"m_FxEnabled":true},"in2DMode":false,"pivot":{"x":5.971921443939209,"y":2.851750135421753,"z":11.002174377441407},"rotation":{"x":-0.01651279255747795,"y":-0.15352977812290193,"z":0.0031575937755405905,"w":-0.9875453114509583},"size":5.559884071350098,"orthographic":false}