{"cameraMode":{"drawMode":0,"name":"Shaded","section":"Shading Mode"},"sceneLighting":true,"audioPlay":false,"sceneViewState":{"m_AlwaysRefresh":false,"showFog":true,"showSkybox":true,"showFlares":true,"showImageEffects":true,"showParticleSystems":true,"showVisualEffectGraphs":true,"m_FxEnabled":true},"in2DMode":false,"pivot":{"x":-0.28132182359695437,"y":0.31196916103363039,"z":-0.5630322098731995},"rotation":{"x":-0.4290190637111664,"y":-0.5403969287872315,"z":-0.3718363344669342,"w":0.6199774742126465},"size":0.018264051526784898,"orthographic":false}