{"cameraMode":{"drawMode":0,"name":"Shaded","section":"Shading Mode"},"sceneLighting":true,"audioPlay":false,"sceneViewState":{"m_AlwaysRefresh":false,"showFog":true,"showSkybox":true,"showFlares":true,"showImageEffects":true,"showParticleSystems":true,"showVisualEffectGraphs":true,"m_FxEnabled":true},"in2DMode":false,"pivot":{"x":0.30000001192092898,"y":0.2056688815355301,"z":60.600467681884769},"rotation":{"x":-0.05041889473795891,"y":0.6997969746589661,"z":-0.04963122308254242,"w":-0.7107977271080017},"size":0.15619651973247529,"orthographic":false}