{"cameraMode":{"drawMode":0,"name":"Shaded","section":"Shading Mode"},"sceneLighting":true,"audioPlay":false,"sceneViewState":{"m_AlwaysRefresh":false,"showFog":true,"showSkybox":true,"showFlares":true,"showImageEffects":true,"showParticleSystems":true,"showVisualEffectGraphs":true,"m_FxEnabled":true},"in2DMode":false,"pivot":{"x":-1.0573893785476685,"y":1.5152767896652222,"z":6.084047794342041},"rotation":{"x":0.032578371465206149,"y":0.9671711921691895,"z":-0.16732561588287354,"w":0.18831810355186463},"size":0.16322536766529084,"orthographic":false}