{"cameraMode":{"drawMode":0,"name":"Shaded","section":"Shading Mode"},"sceneLighting":true,"audioPlay":false,"sceneViewState":{"m_AlwaysRefresh":false,"showFog":true,"showSkybox":true,"showFlares":true,"showImageEffects":true,"showParticleSystems":true,"showVisualEffectGraphs":true,"m_FxEnabled":true},"in2DMode":false,"pivot":{"x":0.337965190410614,"y":0.11333215236663819,"z":468.8241882324219},"rotation":{"x":-0.06828755140304566,"y":0.5396082401275635,"z":-0.04397201165556908,"w":-0.8379897475242615},"size":0.3925727903842926,"orthographic":false}