{"cameraMode":{"drawMode":0,"name":"Shaded","section":"Shading Mode"},"sceneLighting":false,"audioPlay":false,"sceneViewState":{"m_AlwaysRefresh":false,"showFog":true,"showSkybox":false,"showFlares":true,"showImageEffects":true,"showParticleSystems":true,"showVisualEffectGraphs":true,"m_FxEnabled":true},"in2DMode":false,"pivot":{"x":-0.2302141785621643,"y":-6.4844560623168949,"z":-12.351696968078614},"rotation":{"x":0.001627294230274856,"y":-0.9601370692253113,"z":0.2784976661205292,"w":0.007638509385287762},"size":28.18291473388672,"orthographic":false}