{"cameraMode":{"drawMode":0,"name":"Shaded","section":"Shading Mode"},"sceneLighting":false,"audioPlay":false,"sceneViewState":{"m_AlwaysRefresh":false,"showFog":true,"showSkybox":false,"showFlares":true,"showImageEffects":true,"showParticleSystems":true,"showVisualEffectGraphs":true,"m_FxEnabled":true},"in2DMode":false,"pivot":{"x":1.8865156173706055,"y":0.4878777861595154,"z":5.569550037384033},"rotation":{"x":0.08148990571498871,"y":-0.8863465785980225,"z":0.17120976746082307,"w":0.4219313859939575},"size":0.9059048295021057,"orthographic":false}