{"cameraMode":{"drawMode":0,"name":"Shaded","section":"Shading Mode"},"sceneLighting":false,"audioPlay":false,"sceneViewState":{"m_AlwaysRefresh":false,"showFog":true,"showSkybox":false,"showFlares":true,"showImageEffects":true,"showParticleSystems":true,"showVisualEffectGraphs":true,"m_FxEnabled":true},"in2DMode":false,"pivot":{"x":0.21424496173858643,"y":23.651784896850587,"z":51.73933792114258},"rotation":{"x":0.18751226365566255,"y":0.007649160921573639,"z":0.0014145561726763845,"w":-0.9819316864013672},"size":28.989425659179689,"orthographic":false}